{
  "val": {
    "threshold": 64,
    "tp": 4,
    "fp": 18,
    "fn": 0,
    "tn": 18,
    "accuracy": 0.55,
    "precision": 0.18181818181818182,
    "recall": 1.0,
    "f1": 0.3076923076923077,
    "positive_rate": 0.55
  },
  "test": {
    "threshold": 64,
    "tp": 3,
    "fp": 21,
    "fn": 1,
    "tn": 15,
    "accuracy": 0.45,
    "precision": 0.125,
    "recall": 0.75,
    "f1": 0.21428571428571427,
    "positive_rate": 0.6
  }
}