{
  "val": {
    "threshold": 65,
    "tp": 4,
    "fp": 15,
    "fn": 0,
    "tn": 21,
    "accuracy": 0.625,
    "precision": 0.21052631578947367,
    "recall": 1.0,
    "f1": 0.34782608695652173,
    "positive_rate": 0.475
  },
  "test": {
    "threshold": 65,
    "tp": 2,
    "fp": 17,
    "fn": 2,
    "tn": 19,
    "accuracy": 0.525,
    "precision": 0.10526315789473684,
    "recall": 0.5,
    "f1": 0.17391304347826086,
    "positive_rate": 0.475
  }
}