{
  "val": {
    "threshold": 56,
    "tp": 4,
    "fp": 16,
    "fn": 0,
    "tn": 20,
    "accuracy": 0.6,
    "precision": 0.2,
    "recall": 1.0,
    "f1": 0.33333333333333337,
    "positive_rate": 0.5
  },
  "test": {
    "threshold": 56,
    "tp": 4,
    "fp": 22,
    "fn": 0,
    "tn": 14,
    "accuracy": 0.45,
    "precision": 0.15384615384615385,
    "recall": 1.0,
    "f1": 0.2666666666666667,
    "positive_rate": 0.65
  }
}