{
  "val": {
    "threshold": 63,
    "tp": 4,
    "fp": 7,
    "fn": 0,
    "tn": 29,
    "accuracy": 0.825,
    "precision": 0.36363636363636365,
    "recall": 1.0,
    "f1": 0.5333333333333333,
    "positive_rate": 0.275
  },
  "test": {
    "threshold": 63,
    "tp": 4,
    "fp": 14,
    "fn": 0,
    "tn": 22,
    "accuracy": 0.65,
    "precision": 0.2222222222222222,
    "recall": 1.0,
    "f1": 0.3636363636363636,
    "positive_rate": 0.45
  }
}