{
  "val": {
    "threshold": 18,
    "tp": 2,
    "fp": 0,
    "fn": 0,
    "tn": 14,
    "accuracy": 1.0,
    "precision": 1.0,
    "recall": 1.0,
    "f1": 1.0,
    "positive_rate": 0.125
  },
  "test": {
    "threshold": 18,
    "tp": 2,
    "fp": 5,
    "fn": 0,
    "tn": 9,
    "accuracy": 0.6875,
    "precision": 0.2857142857142857,
    "recall": 1.0,
    "f1": 0.4444444444444445,
    "positive_rate": 0.4375
  }
}