provider,model,method,seed_count,ks_D_mean,ks_D_std,ks_p_mean,ks_p_std
gpt,gpt-4o-mini,zero,10,0.42000000000000004,0.08232726023485647,0.08045731688775368,0.08843498004840414
gpt,gpt-4o-mini,few,10,0.31,0.07378647873726216,0.30840158424291086,0.22688496106978692
gpt,gpt-4o-mini,cot,10,0.295,0.06851601597031488,0.3551112072788658,0.2650098321035534
zhipu,glm-4.7,zero,1,0.24999999999999997,0.0,0.4973423353136132,0.0
zhipu,glm-4.7,few,1,0.4,0.0,0.059142334165034526,0.0
zhipu,glm-4.7,cot,1,0.4,0.0,0.059142334165034526,0.0
