provider,model,method,ks_scope,seed_count,ks_D_mean,ks_D_std,ks_p_mean,ks_p_std
gpt,gpt-4o-mini,zero,val_test,10,0.3604499274310595,0.06822857018658134,0.036690023117829186,0.040221884998190086
gpt,gpt-4o-mini,few,val_test,10,0.3754716981132076,0.08911197990202227,0.06049987353585145,0.14191594014917877
gpt,gpt-4o-mini,cot,val_test,10,0.31262699564586355,0.05177353007793516,0.08247675231359279,0.08240714638073864
zhipu,glm-4.7,zero,val_test,1,0.20174165457184323,0.0,0.43239101396861884,0.0
zhipu,glm-4.7,few,val_test,1,0.31349782293178513,0.0,0.050793771104503296,0.0
zhipu,glm-4.7,cot,val_test,1,0.40638606676342526,0.0,0.004173115631386449,0.0
