provider,method,seed,threshold,val_precision,val_recall,val_f1,test_precision,test_recall,test_f1,test_acc,test_posrate
gpt,zero,0,26,0.15384615384615385,1.0,0.2666666666666667,0.5128205128205128,1.0,0.6779661016949152,0.525,0.975
gpt,few,0,42,0.13043478260869565,0.5,0.20689655172413793,0.6,0.45,0.5142857142857143,0.575,0.375
gpt,cot,0,26,0.15384615384615385,1.0,0.2666666666666667,0.5,0.95,0.6551724137931034,0.5,0.95
