provider,model,method,seeds,roc_auc_mean,roc_auc_std,pr_auc_mean,pr_auc_std,test_precision_mean,test_precision_std,test_recall_mean,test_recall_std,test_f1_mean,test_f1_std
gpt,gpt-4o-mini,zero,11,0.5959090909090909,0.056767318142492064,0.599459914961698,0.03989324961662309,0.5304644951822372,0.07834252083497928,0.8636363636363636,0.25601846524314326,0.6193793328638793,0.12687804341654946
gpt,gpt-4o-mini,few,11,0.5639772727272727,0.027961011816781248,0.5841576331975435,0.04060688449343923,0.5052572163605094,0.03703081983091156,0.8681818181818182,0.16473118598602887,0.6291844355006139,0.050935452302504895
gpt,gpt-4o-mini,cot,11,0.5843181818181818,0.09427911293793358,0.5957649863385923,0.07391346472216404,0.5484729234729234,0.11378172715169074,0.9,0.20976176963403032,0.6495682689678498,0.05099697481184916
