provider,model,method,ROC-AUC,PR-AUC,Precision,Recall,F1
zhipu,glm-4.7,zero,0.5387500000000001,0.5370672227251174,0.5454545454545454,0.6,0.5714285714285713
zhipu,glm-4.7,few,0.5062500000000001,0.5525811965811966,0.5333333333333333,0.4,0.4571428571428572
zhipu,glm-4.7,cot,0.62125,0.6888307660871263,0.5416666666666666,0.65,0.5909090909090908
