provider,method,ROC-AUC,PR-AUC,Precision,Recall,F1
gpt,zero,0.5175000000000001,0.5218822843822843,0.75,0.15,0.24999999999999997
gpt,few,0.5625,0.6546539571539571,0.6,0.45,0.5142857142857143
gpt,cot,0.66875,0.6500864055299539,0.875,0.35,0.4999999999999999
zhipu,zero,0.5,0.5,0.0,0.0,0.0
