{
  "val": {
    "threshold": 41.5,
    "tp": 2,
    "fp": 7,
    "fn": 4,
    "tn": 26,
    "accuracy": 0.717948717948718,
    "precision": 0.2222222222222222,
    "recall": 0.3333333333333333,
    "f1": 0.26666666666666666,
    "positive_rate": 0.23076923076923078
  },
  "test": {
    "threshold": 41.5,
    "tp": 12,
    "fp": 10,
    "fn": 8,
    "tn": 10,
    "accuracy": 0.55,
    "precision": 0.5454545454545454,
    "recall": 0.6,
    "f1": 0.5714285714285713,
    "positive_rate": 0.55
  }
}