{
  "val": {
    "threshold": 37,
    "tp": 5,
    "fp": 19,
    "fn": 1,
    "tn": 14,
    "accuracy": 0.48717948717948717,
    "precision": 0.20833333333333334,
    "recall": 0.8333333333333334,
    "f1": 0.33333333333333337,
    "positive_rate": 0.6153846153846154
  },
  "test": {
    "threshold": 37,
    "tp": 15,
    "fp": 14,
    "fn": 5,
    "tn": 6,
    "accuracy": 0.525,
    "precision": 0.5172413793103449,
    "recall": 0.75,
    "f1": 0.6122448979591838,
    "positive_rate": 0.725
  }
}