{
  "val": {
    "threshold": 42.0,
    "tp": 4,
    "fp": 11,
    "fn": 2,
    "tn": 22,
    "accuracy": 0.6666666666666666,
    "precision": 0.26666666666666666,
    "recall": 0.6666666666666666,
    "f1": 0.3809523809523809,
    "positive_rate": 0.38461538461538464
  },
  "test": {
    "threshold": 42.0,
    "tp": 8,
    "fp": 7,
    "fn": 12,
    "tn": 13,
    "accuracy": 0.525,
    "precision": 0.5333333333333333,
    "recall": 0.4,
    "f1": 0.4571428571428572,
    "positive_rate": 0.375
  }
}