{
  "val": {
    "threshold": 22,
    "tp": 6,
    "fp": 32,
    "fn": 0,
    "tn": 1,
    "accuracy": 0.1794871794871795,
    "precision": 0.15789473684210525,
    "recall": 1.0,
    "f1": 0.2727272727272727,
    "positive_rate": 0.9743589743589743
  },
  "test": {
    "threshold": 22,
    "tp": 19,
    "fp": 18,
    "fn": 1,
    "tn": 2,
    "accuracy": 0.525,
    "precision": 0.5135135135135135,
    "recall": 0.95,
    "f1": 0.6666666666666667,
    "positive_rate": 0.925
  }
}