{
  "val": {
    "threshold": 41.5,
    "tp": 1,
    "fp": 4,
    "fn": 5,
    "tn": 29,
    "accuracy": 0.7692307692307693,
    "precision": 0.2,
    "recall": 0.16666666666666666,
    "f1": 0.1818181818181818,
    "positive_rate": 0.1282051282051282
  },
  "test": {
    "threshold": 41.5,
    "tp": 3,
    "fp": 1,
    "fn": 17,
    "tn": 19,
    "accuracy": 0.55,
    "precision": 0.75,
    "recall": 0.15,
    "f1": 0.24999999999999997,
    "positive_rate": 0.1
  }
}