{
  "val": {
    "threshold": 41,
    "tp": 4,
    "fp": 15,
    "fn": 2,
    "tn": 18,
    "accuracy": 0.5641025641025641,
    "precision": 0.21052631578947367,
    "recall": 0.6666666666666666,
    "f1": 0.32,
    "positive_rate": 0.48717948717948717
  },
  "test": {
    "threshold": 41,
    "tp": 14,
    "fp": 11,
    "fn": 6,
    "tn": 9,
    "accuracy": 0.575,
    "precision": 0.56,
    "recall": 0.7,
    "f1": 0.6222222222222222,
    "positive_rate": 0.625
  }
}