{
  "val": {
    "threshold": 41.5,
    "tp": 0,
    "fp": 5,
    "fn": 6,
    "tn": 28,
    "accuracy": 0.717948717948718,
    "precision": 0.0,
    "recall": 0.0,
    "f1": 0.0,
    "positive_rate": 0.1282051282051282
  },
  "test": {
    "threshold": 41.5,
    "tp": 7,
    "fp": 1,
    "fn": 13,
    "tn": 19,
    "accuracy": 0.65,
    "precision": 0.875,
    "recall": 0.35,
    "f1": 0.4999999999999999,
    "positive_rate": 0.2
  }
}