{
  "val": {
    "threshold": 42,
    "tp": 4,
    "fp": 11,
    "fn": 2,
    "tn": 22,
    "accuracy": 0.6666666666666666,
    "precision": 0.26666666666666666,
    "recall": 0.6666666666666666,
    "f1": 0.3809523809523809,
    "positive_rate": 0.38461538461538464
  },
  "test": {
    "threshold": 42,
    "tp": 10,
    "fp": 3,
    "fn": 10,
    "tn": 17,
    "accuracy": 0.675,
    "precision": 0.7692307692307693,
    "recall": 0.5,
    "f1": 0.6060606060606061,
    "positive_rate": 0.325
  }
}