{
  "val": {
    "threshold": 51,
    "tp": 2,
    "fp": 2,
    "fn": 4,
    "tn": 31,
    "accuracy": 0.8461538461538461,
    "precision": 0.5,
    "recall": 0.3333333333333333,
    "f1": 0.4,
    "positive_rate": 0.10256410256410256
  },
  "test": {
    "threshold": 51,
    "tp": 8,
    "fp": 3,
    "fn": 12,
    "tn": 17,
    "accuracy": 0.625,
    "precision": 0.7272727272727273,
    "recall": 0.4,
    "f1": 0.5161290322580645,
    "positive_rate": 0.275
  }
}