{
  "val": {
    "threshold": 31,
    "tp": 6,
    "fp": 29,
    "fn": 0,
    "tn": 4,
    "accuracy": 0.2564102564102564,
    "precision": 0.17142857142857143,
    "recall": 1.0,
    "f1": 0.2926829268292683,
    "positive_rate": 0.8974358974358975
  },
  "test": {
    "threshold": 31,
    "tp": 18,
    "fp": 13,
    "fn": 2,
    "tn": 7,
    "accuracy": 0.625,
    "precision": 0.5806451612903226,
    "recall": 0.9,
    "f1": 0.7058823529411764,
    "positive_rate": 0.775
  }
}