{
  "val": {
    "threshold": 39,
    "tp": 3,
    "fp": 5,
    "fn": 3,
    "tn": 28,
    "accuracy": 0.7948717948717948,
    "precision": 0.375,
    "recall": 0.5,
    "f1": 0.42857142857142855,
    "positive_rate": 0.20512820512820512
  },
  "test": {
    "threshold": 39,
    "tp": 6,
    "fp": 4,
    "fn": 14,
    "tn": 16,
    "accuracy": 0.55,
    "precision": 0.6,
    "recall": 0.3,
    "f1": 0.4,
    "positive_rate": 0.25
  }
}