{
  "val": {
    "threshold": 57,
    "tp": 2,
    "fp": 0,
    "fn": 4,
    "tn": 33,
    "accuracy": 0.8974358974358975,
    "precision": 1.0,
    "recall": 0.3333333333333333,
    "f1": 0.5,
    "positive_rate": 0.05128205128205128
  },
  "test": {
    "threshold": 57,
    "tp": 1,
    "fp": 4,
    "fn": 19,
    "tn": 16,
    "accuracy": 0.425,
    "precision": 0.2,
    "recall": 0.05,
    "f1": 0.08000000000000002,
    "positive_rate": 0.125
  }
}