{
  "val": {
    "threshold": 57,
    "tp": 3,
    "fp": 1,
    "fn": 3,
    "tn": 32,
    "accuracy": 0.8974358974358975,
    "precision": 0.75,
    "recall": 0.5,
    "f1": 0.6,
    "positive_rate": 0.10256410256410256
  },
  "test": {
    "threshold": 57,
    "tp": 2,
    "fp": 2,
    "fn": 18,
    "tn": 18,
    "accuracy": 0.5,
    "precision": 0.5,
    "recall": 0.1,
    "f1": 0.16666666666666669,
    "positive_rate": 0.1
  }
}