{
  "val": {
    "threshold": 42.0,
    "tp": 3,
    "fp": 20,
    "fn": 3,
    "tn": 13,
    "accuracy": 0.41025641025641024,
    "precision": 0.13043478260869565,
    "recall": 0.5,
    "f1": 0.20689655172413793,
    "positive_rate": 0.5897435897435898
  },
  "test": {
    "threshold": 42.0,
    "tp": 9,
    "fp": 6,
    "fn": 11,
    "tn": 14,
    "accuracy": 0.575,
    "precision": 0.6,
    "recall": 0.45,
    "f1": 0.5142857142857143,
    "positive_rate": 0.375
  }
}