{
  "val": {
    "threshold": 44,
    "tp": 2,
    "fp": 4,
    "fn": 4,
    "tn": 29,
    "accuracy": 0.7948717948717948,
    "precision": 0.3333333333333333,
    "recall": 0.3333333333333333,
    "f1": 0.3333333333333333,
    "positive_rate": 0.15384615384615385
  },
  "test": {
    "threshold": 44,
    "tp": 8,
    "fp": 5,
    "fn": 12,
    "tn": 15,
    "accuracy": 0.575,
    "precision": 0.6153846153846154,
    "recall": 0.4,
    "f1": 0.4848484848484849,
    "positive_rate": 0.325
  }
}