{
  "val": {
    "threshold": 43,
    "tp": 3,
    "fp": 4,
    "fn": 3,
    "tn": 29,
    "accuracy": 0.8205128205128205,
    "precision": 0.42857142857142855,
    "recall": 0.5,
    "f1": 0.4615384615384615,
    "positive_rate": 0.1794871794871795
  },
  "test": {
    "threshold": 43,
    "tp": 5,
    "fp": 3,
    "fn": 15,
    "tn": 17,
    "accuracy": 0.55,
    "precision": 0.625,
    "recall": 0.25,
    "f1": 0.35714285714285715,
    "positive_rate": 0.2
  }
}