{
  "val": {
    "threshold": 42,
    "tp": 3,
    "fp": 3,
    "fn": 3,
    "tn": 30,
    "accuracy": 0.8461538461538461,
    "precision": 0.5,
    "recall": 0.5,
    "f1": 0.5,
    "positive_rate": 0.15384615384615385
  },
  "test": {
    "threshold": 42,
    "tp": 8,
    "fp": 8,
    "fn": 12,
    "tn": 12,
    "accuracy": 0.5,
    "precision": 0.5,
    "recall": 0.4,
    "f1": 0.4444444444444445,
    "positive_rate": 0.4
  }
}