{
  "val": {
    "threshold": 42,
    "tp": 4,
    "fp": 11,
    "fn": 2,
    "tn": 22,
    "accuracy": 0.6666666666666666,
    "precision": 0.26666666666666666,
    "recall": 0.6666666666666666,
    "f1": 0.3809523809523809,
    "positive_rate": 0.38461538461538464
  },
  "test": {
    "threshold": 42,
    "tp": 9,
    "fp": 4,
    "fn": 11,
    "tn": 16,
    "accuracy": 0.625,
    "precision": 0.6923076923076923,
    "recall": 0.45,
    "f1": 0.5454545454545455,
    "positive_rate": 0.325
  }
}