{
  "val": {
    "threshold": 43,
    "tp": 3,
    "fp": 7,
    "fn": 3,
    "tn": 26,
    "accuracy": 0.7435897435897436,
    "precision": 0.3,
    "recall": 0.5,
    "f1": 0.37499999999999994,
    "positive_rate": 0.2564102564102564
  },
  "test": {
    "threshold": 43,
    "tp": 9,
    "fp": 6,
    "fn": 11,
    "tn": 14,
    "accuracy": 0.575,
    "precision": 0.6,
    "recall": 0.45,
    "f1": 0.5142857142857143,
    "positive_rate": 0.375
  }
}