{
  "val": {
    "threshold": 45,
    "tp": 3,
    "fp": 6,
    "fn": 3,
    "tn": 27,
    "accuracy": 0.7692307692307693,
    "precision": 0.3333333333333333,
    "recall": 0.5,
    "f1": 0.4,
    "positive_rate": 0.23076923076923078
  },
  "test": {
    "threshold": 45,
    "tp": 5,
    "fp": 4,
    "fn": 15,
    "tn": 16,
    "accuracy": 0.525,
    "precision": 0.5555555555555556,
    "recall": 0.25,
    "f1": 0.3448275862068966,
    "positive_rate": 0.225
  }
}