{
  "val": {
    "threshold": 45,
    "tp": 3,
    "fp": 10,
    "fn": 3,
    "tn": 23,
    "accuracy": 0.6666666666666666,
    "precision": 0.23076923076923078,
    "recall": 0.5,
    "f1": 0.3157894736842105,
    "positive_rate": 0.3333333333333333
  },
  "test": {
    "threshold": 45,
    "tp": 7,
    "fp": 5,
    "fn": 13,
    "tn": 15,
    "accuracy": 0.55,
    "precision": 0.5833333333333334,
    "recall": 0.35,
    "f1": 0.4375,
    "positive_rate": 0.3
  }
}