{
  "val": {
    "threshold": 43,
    "tp": 4,
    "fp": 7,
    "fn": 2,
    "tn": 26,
    "accuracy": 0.7692307692307693,
    "precision": 0.36363636363636365,
    "recall": 0.6666666666666666,
    "f1": 0.4705882352941177,
    "positive_rate": 0.28205128205128205
  },
  "test": {
    "threshold": 43,
    "tp": 7,
    "fp": 6,
    "fn": 13,
    "tn": 14,
    "accuracy": 0.525,
    "precision": 0.5384615384615384,
    "recall": 0.35,
    "f1": 0.4242424242424242,
    "positive_rate": 0.325
  }
}