{
  "val": {
    "threshold": 36,
    "tp": 4,
    "fp": 15,
    "fn": 2,
    "tn": 18,
    "accuracy": 0.5641025641025641,
    "precision": 0.21052631578947367,
    "recall": 0.6666666666666666,
    "f1": 0.32,
    "positive_rate": 0.48717948717948717
  },
  "test": {
    "threshold": 36,
    "tp": 6,
    "fp": 7,
    "fn": 14,
    "tn": 13,
    "accuracy": 0.475,
    "precision": 0.46153846153846156,
    "recall": 0.3,
    "f1": 0.3636363636363637,
    "positive_rate": 0.325
  }
}