{
  "val": {
    "threshold": 42,
    "tp": 4,
    "fp": 10,
    "fn": 2,
    "tn": 23,
    "accuracy": 0.6923076923076923,
    "precision": 0.2857142857142857,
    "recall": 0.6666666666666666,
    "f1": 0.4,
    "positive_rate": 0.358974358974359
  },
  "test": {
    "threshold": 42,
    "tp": 6,
    "fp": 6,
    "fn": 14,
    "tn": 14,
    "accuracy": 0.5,
    "precision": 0.5,
    "recall": 0.3,
    "f1": 0.37499999999999994,
    "positive_rate": 0.3
  }
}