{
  "val": {
    "threshold": 23,
    "tp": 6,
    "fp": 32,
    "fn": 0,
    "tn": 1,
    "accuracy": 0.1794871794871795,
    "precision": 0.15789473684210525,
    "recall": 1.0,
    "f1": 0.2727272727272727,
    "positive_rate": 0.9743589743589743
  },
  "test": {
    "threshold": 23,
    "tp": 18,
    "fp": 20,
    "fn": 2,
    "tn": 0,
    "accuracy": 0.45,
    "precision": 0.47368421052631576,
    "recall": 0.9,
    "f1": 0.6206896551724138,
    "positive_rate": 0.95
  }
}