{
  "val": {
    "threshold": 50.0,
    "tp": 4,
    "fp": 11,
    "fn": 2,
    "tn": 22,
    "accuracy": 0.6666666666666666,
    "precision": 0.26666666666666666,
    "recall": 0.6666666666666666,
    "f1": 0.3809523809523809,
    "positive_rate": 0.38461538461538464
  },
  "test": {
    "threshold": 50.0,
    "tp": 10,
    "fp": 7,
    "fn": 10,
    "tn": 13,
    "accuracy": 0.575,
    "precision": 0.5882352941176471,
    "recall": 0.5,
    "f1": 0.5405405405405405,
    "positive_rate": 0.425
  }
}