{
  "val": {
    "threshold": 43,
    "tp": 4,
    "fp": 8,
    "fn": 2,
    "tn": 25,
    "accuracy": 0.7435897435897436,
    "precision": 0.3333333333333333,
    "recall": 0.6666666666666666,
    "f1": 0.4444444444444444,
    "positive_rate": 0.3076923076923077
  },
  "test": {
    "threshold": 43,
    "tp": 8,
    "fp": 1,
    "fn": 12,
    "tn": 19,
    "accuracy": 0.675,
    "precision": 0.8888888888888888,
    "recall": 0.4,
    "f1": 0.5517241379310346,
    "positive_rate": 0.225
  }
}