{
  "val": {
    "threshold": 39,
    "tp": 3,
    "fp": 7,
    "fn": 3,
    "tn": 26,
    "accuracy": 0.7435897435897436,
    "precision": 0.3,
    "recall": 0.5,
    "f1": 0.37499999999999994,
    "positive_rate": 0.2564102564102564
  },
  "test": {
    "threshold": 39,
    "tp": 8,
    "fp": 6,
    "fn": 12,
    "tn": 14,
    "accuracy": 0.55,
    "precision": 0.5714285714285714,
    "recall": 0.4,
    "f1": 0.47058823529411764,
    "positive_rate": 0.35
  }
}