{
  "val": {
    "threshold": 26,
    "tp": 6,
    "fp": 31,
    "fn": 0,
    "tn": 2,
    "accuracy": 0.20512820512820512,
    "precision": 0.16216216216216217,
    "recall": 1.0,
    "f1": 0.27906976744186046,
    "positive_rate": 0.9487179487179487
  },
  "test": {
    "threshold": 26,
    "tp": 19,
    "fp": 20,
    "fn": 1,
    "tn": 0,
    "accuracy": 0.475,
    "precision": 0.48717948717948717,
    "recall": 0.95,
    "f1": 0.6440677966101694,
    "positive_rate": 0.975
  }
}