{
  "val": {
    "threshold": 42,
    "tp": 4,
    "fp": 8,
    "fn": 2,
    "tn": 25,
    "accuracy": 0.7435897435897436,
    "precision": 0.3333333333333333,
    "recall": 0.6666666666666666,
    "f1": 0.4444444444444444,
    "positive_rate": 0.3076923076923077
  },
  "test": {
    "threshold": 42,
    "tp": 10,
    "fp": 9,
    "fn": 10,
    "tn": 11,
    "accuracy": 0.525,
    "precision": 0.5263157894736842,
    "recall": 0.5,
    "f1": 0.5128205128205129,
    "positive_rate": 0.475
  }
}