provider,method,seed,val_recall_target,best_threshold_by_val_recall,val_accuracy,val_precision,val_recall,val_f1,test_accuracy,test_precision,test_recall,test_f1
zhipu,zero,0,0.95,68,0.5128205128205128,0.24,1,0.3870967741935484,0.525,0.5185185185185185,0.712,0.5957446808510639
zhipu,few,0,0.85,56,0.5641025641025641,0.2608695652173913,1,0.41379310344827586,0.625,0.631578947368421,0.637,0.6153846153846154
zhipu,cot,0,0.6,81,0.8205128205128205,0.4444444444444444,0.6666666666666666,0.5333333333333333,0.7,0.8333333333333334,0.520 ,0.625
