provider,method,seed,best_threshold_by_val_recall,val_accuracy,val_precision,val_recall,val_f1,test_accuracy,test_precision,test_recall,test_f1
zhipu,zero,0,68,0.5128205128205128,0.24,1,0.3870967741935484,0.525,0.5185185185185185,0.7,0.5957446808510639
zhipu,few,0,75,0.7948717948717948,0.42857142857142855,1,0.6,0.65,0.6875,0.55,0.6111111111111112
zhipu,cot,0,0,0.15384615384615385,0.15384615384615385,1,0.2666666666666667,0.5,0.5,1,0.6666666666666666
