{
  "val": {
    "threshold": 75,
    "tp": 6,
    "fp": 8,
    "fn": 0,
    "tn": 25,
    "accuracy": 0.7948717948717948,
    "precision": 0.42857142857142855,
    "recall": 1.0,
    "f1": 0.6,
    "positive_rate": 0.358974358974359
  },
  "test": {
    "threshold": 75,
    "tp": 11,
    "fp": 5,
    "fn": 9,
    "tn": 15,
    "accuracy": 0.65,
    "precision": 0.6875,
    "recall": 0.55,
    "f1": 0.6111111111111112,
    "positive_rate": 0.4
  }
}