{
  "val": {
    "threshold": 68,
    "tp": 6,
    "fp": 19,
    "fn": 0,
    "tn": 14,
    "accuracy": 0.5128205128205128,
    "precision": 0.24,
    "recall": 1.0,
    "f1": 0.3870967741935484,
    "positive_rate": 0.6410256410256411
  },
  "test": {
    "threshold": 68,
    "tp": 14,
    "fp": 13,
    "fn": 6,
    "tn": 7,
    "accuracy": 0.525,
    "precision": 0.5185185185185185,
    "recall": 0.7,
    "f1": 0.5957446808510639,
    "positive_rate": 0.675
  }
}