{
  "val": {
    "threshold": 18,
    "tp": 1,
    "fp": 0,
    "fn": 0,
    "tn": 11,
    "accuracy": 1.0,
    "precision": 1.0,
    "recall": 1.0,
    "f1": 1.0,
    "positive_rate": 0.08333333333333333
  },
  "test": {
    "threshold": 18,
    "tp": 2,
    "fp": 2,
    "fn": 0,
    "tn": 8,
    "accuracy": 0.8333333333333334,
    "precision": 0.5,
    "recall": 1.0,
    "f1": 0.6666666666666666,
    "positive_rate": 0.3333333333333333
  }
}