provider,method,seed,val_recall_target,best_threshold_by_val_recall,val_accuracy,val_precision,val_recall,val_f1,test_accuracy,test_precision,test_recall,test_f1
gpt,zero,0,0.9,0,0.15384615384615385,0.15384615384615385,1.0,0.2666666666666667,0.5,0.5,1.0,0.6666666666666666
gpt,few,0,0.9,0,0.15384615384615385,0.15384615384615385,1.0,0.2666666666666667,0.5,0.5,1.0,0.6666666666666666
gpt,cot,0,0.9,0,0.15384615384615385,0.15384615384615385,1.0,0.2666666666666667,0.5,0.5,1.0,0.6666666666666666
zhipu,zero,0,0.9,0,0.15384615384615385,0.15384615384615385,1.0,0.2666666666666667,0.5,0.5,1.0,0.6666666666666666
zhipu,few,0,0.9,0,0.15384615384615385,0.15384615384615385,1.0,0.2666666666666667,0.5,0.5,1.0,0.6666666666666666
zhipu,cot,0,0.9,0,0.15384615384615385,0.15384615384615385,1.0,0.2666666666666667,0.5,0.5,1.0,0.6666666666666666
