{
  "val": {
    "threshold": 0,
    "tp": 6,
    "fp": 33,
    "fn": 0,
    "tn": 0,
    "accuracy": 0.15384615384615385,
    "precision": 0.15384615384615385,
    "recall": 1.0,
    "f1": 0.2666666666666667,
    "positive_rate": 1.0
  },
  "test": {
    "threshold": 0,
    "tp": 20,
    "fp": 20,
    "fn": 0,
    "tn": 0,
    "accuracy": 0.5,
    "precision": 0.5,
    "recall": 1.0,
    "f1": 0.6666666666666666,
    "positive_rate": 1.0
  }
}