{
  "val": {
    "threshold": 43,
    "tp": 6,
    "fp": 29,
    "fn": 0,
    "tn": 4,
    "accuracy": 0.2564102564102564,
    "precision": 0.17142857142857143,
    "recall": 1.0,
    "f1": 0.2926829268292683,
    "positive_rate": 0.8974358974358975
  },
  "test": {
    "threshold": 43,
    "tp": 17,
    "fp": 19,
    "fn": 3,
    "tn": 1,
    "accuracy": 0.45,
    "precision": 0.4722222222222222,
    "recall": 0.85,
    "f1": 0.6071428571428571,
    "positive_rate": 0.9
  }
}