{
  "val": {
    "threshold": 21,
    "tp": 6,
    "fp": 32,
    "fn": 0,
    "tn": 1,
    "accuracy": 0.1794871794871795,
    "precision": 0.15789473684210525,
    "recall": 1.0,
    "f1": 0.2727272727272727,
    "positive_rate": 0.9743589743589743
  },
  "test": {
    "threshold": 21,
    "tp": 20,
    "fp": 20,
    "fn": 0,
    "tn": 0,
    "accuracy": 0.5,
    "precision": 0.5,
    "recall": 1.0,
    "f1": 0.6666666666666666,
    "positive_rate": 1.0
  }
}