{
  "val": {
    "threshold": 59,
    "tp": 6,
    "fp": 13,
    "fn": 0,
    "tn": 20,
    "accuracy": 0.6666666666666666,
    "precision": 0.3157894736842105,
    "recall": 1.0,
    "f1": 0.4799999999999999,
    "positive_rate": 0.48717948717948717
  },
  "test": {
    "threshold": 59,
    "tp": 12,
    "fp": 12,
    "fn": 8,
    "tn": 8,
    "accuracy": 0.5,
    "precision": 0.5,
    "recall": 0.6,
    "f1": 0.5454545454545454,
    "positive_rate": 0.6
  }
}