{
  "val": {
    "threshold": 54,
    "tp": 6,
    "fp": 25,
    "fn": 0,
    "tn": 8,
    "accuracy": 0.358974358974359,
    "precision": 0.1935483870967742,
    "recall": 1.0,
    "f1": 0.3243243243243243,
    "positive_rate": 0.7948717948717948
  },
  "test": {
    "threshold": 54,
    "tp": 16,
    "fp": 16,
    "fn": 4,
    "tn": 4,
    "accuracy": 0.5,
    "precision": 0.5,
    "recall": 0.8,
    "f1": 0.6153846153846154,
    "positive_rate": 0.8
  }
}