{
  "val": {
    "threshold": 31,
    "tp": 6,
    "fp": 19,
    "fn": 0,
    "tn": 14,
    "accuracy": 0.5128205128205128,
    "precision": 0.24,
    "recall": 1.0,
    "f1": 0.3870967741935484,
    "positive_rate": 0.6410256410256411
  },
  "test": {
    "threshold": 31,
    "tp": 20,
    "fp": 15,
    "fn": 0,
    "tn": 5,
    "accuracy": 0.625,
    "precision": 0.5714285714285714,
    "recall": 1.0,
    "f1": 0.7272727272727273,
    "positive_rate": 0.875
  }
}