{
  "val": {
    "threshold": 56,
    "tp": 6,
    "fp": 24,
    "fn": 0,
    "tn": 9,
    "accuracy": 0.38461538461538464,
    "precision": 0.2,
    "recall": 1.0,
    "f1": 0.33333333333333337,
    "positive_rate": 0.7692307692307693
  },
  "test": {
    "threshold": 56,
    "tp": 15,
    "fp": 13,
    "fn": 5,
    "tn": 7,
    "accuracy": 0.55,
    "precision": 0.5357142857142857,
    "recall": 0.75,
    "f1": 0.6250000000000001,
    "positive_rate": 0.7
  }
}