{
  "val": {
    "threshold": 36,
    "tp": 6,
    "fp": 24,
    "fn": 0,
    "tn": 9,
    "accuracy": 0.38461538461538464,
    "precision": 0.2,
    "recall": 1.0,
    "f1": 0.33333333333333337,
    "positive_rate": 0.7692307692307693
  },
  "test": {
    "threshold": 36,
    "tp": 18,
    "fp": 17,
    "fn": 2,
    "tn": 3,
    "accuracy": 0.525,
    "precision": 0.5142857142857142,
    "recall": 0.9,
    "f1": 0.6545454545454545,
    "positive_rate": 0.875
  }
}