{
  "val": {
    "threshold": 46,
    "tp": 6,
    "fp": 29,
    "fn": 0,
    "tn": 4,
    "accuracy": 0.2564102564102564,
    "precision": 0.17142857142857143,
    "recall": 1.0,
    "f1": 0.2926829268292683,
    "positive_rate": 0.8974358974358975
  },
  "test": {
    "threshold": 46,
    "tp": 20,
    "fp": 19,
    "fn": 0,
    "tn": 1,
    "accuracy": 0.525,
    "precision": 0.5128205128205128,
    "recall": 1.0,
    "f1": 0.6779661016949152,
    "positive_rate": 0.975
  }
}