{
  "val": {
    "threshold": 46,
    "tp": 6,
    "fp": 5,
    "fn": 0,
    "tn": 28,
    "accuracy": 0.8717948717948718,
    "precision": 0.5454545454545454,
    "recall": 1.0,
    "f1": 0.7058823529411764,
    "positive_rate": 0.28205128205128205
  },
  "test": {
    "threshold": 46,
    "tp": 13,
    "fp": 7,
    "fn": 7,
    "tn": 13,
    "accuracy": 0.65,
    "precision": 0.65,
    "recall": 0.65,
    "f1": 0.65,
    "positive_rate": 0.5
  }
}