{
  "val": {
    "threshold": 55,
    "tp": 6,
    "fp": 20,
    "fn": 0,
    "tn": 13,
    "accuracy": 0.48717948717948717,
    "precision": 0.23076923076923078,
    "recall": 1.0,
    "f1": 0.375,
    "positive_rate": 0.6666666666666666
  },
  "test": {
    "threshold": 55,
    "tp": 15,
    "fp": 18,
    "fn": 5,
    "tn": 2,
    "accuracy": 0.425,
    "precision": 0.45454545454545453,
    "recall": 0.75,
    "f1": 0.5660377358490566,
    "positive_rate": 0.825
  }
}