{
  "val": {
    "threshold": 46,
    "tp": 6,
    "fp": 30,
    "fn": 0,
    "tn": 3,
    "accuracy": 0.23076923076923078,
    "precision": 0.16666666666666666,
    "recall": 1.0,
    "f1": 0.2857142857142857,
    "positive_rate": 0.9230769230769231
  },
  "test": {
    "threshold": 46,
    "tp": 20,
    "fp": 19,
    "fn": 0,
    "tn": 1,
    "accuracy": 0.525,
    "precision": 0.5128205128205128,
    "recall": 1.0,
    "f1": 0.6779661016949152,
    "positive_rate": 0.975
  }
}