{
  "val": {
    "threshold": 16,
    "tp": 6,
    "fp": 32,
    "fn": 0,
    "tn": 1,
    "accuracy": 0.1794871794871795,
    "precision": 0.15789473684210525,
    "recall": 1.0,
    "f1": 0.2727272727272727,
    "positive_rate": 0.9743589743589743
  },
  "test": {
    "threshold": 16,
    "tp": 20,
    "fp": 19,
    "fn": 0,
    "tn": 1,
    "accuracy": 0.525,
    "precision": 0.5128205128205128,
    "recall": 1.0,
    "f1": 0.6779661016949152,
    "positive_rate": 0.975
  }
}