{
  "val": {
    "threshold": 61,
    "tp": 6,
    "fp": 10,
    "fn": 0,
    "tn": 23,
    "accuracy": 0.7435897435897436,
    "precision": 0.375,
    "recall": 1.0,
    "f1": 0.5454545454545454,
    "positive_rate": 0.41025641025641024
  },
  "test": {
    "threshold": 61,
    "tp": 13,
    "fp": 9,
    "fn": 7,
    "tn": 11,
    "accuracy": 0.6,
    "precision": 0.5909090909090909,
    "recall": 0.65,
    "f1": 0.6190476190476191,
    "positive_rate": 0.55
  }
}