{
  "val": {
    "threshold": 41,
    "tp": 6,
    "fp": 23,
    "fn": 0,
    "tn": 10,
    "accuracy": 0.41025641025641024,
    "precision": 0.20689655172413793,
    "recall": 1.0,
    "f1": 0.34285714285714286,
    "positive_rate": 0.7435897435897436
  },
  "test": {
    "threshold": 41,
    "tp": 16,
    "fp": 16,
    "fn": 4,
    "tn": 4,
    "accuracy": 0.5,
    "precision": 0.5,
    "recall": 0.8,
    "f1": 0.6153846153846154,
    "positive_rate": 0.8
  }
}