{
  "val": {
    "threshold": 81,
    "tp": 4,
    "fp": 5,
    "fn": 2,
    "tn": 28,
    "accuracy": 0.8205128205128205,
    "precision": 0.4444444444444444,
    "recall": 0.6666666666666666,
    "f1": 0.5333333333333333,
    "positive_rate": 0.23076923076923078
  },
  "test": {
    "threshold": 81,
    "tp": 10,
    "fp": 2,
    "fn": 10,
    "tn": 18,
    "accuracy": 0.7,
    "precision": 0.8333333333333334,
    "recall": 0.5,
    "f1": 0.625,
    "positive_rate": 0.3
  }
}