{
  "val": {
    "threshold": 56,
    "tp": 6,
    "fp": 17,
    "fn": 0,
    "tn": 16,
    "accuracy": 0.5641025641025641,
    "precision": 0.2608695652173913,
    "recall": 1.0,
    "f1": 0.41379310344827586,
    "positive_rate": 0.5897435897435898
  },
  "test": {
    "threshold": 56,
    "tp": 12,
    "fp": 7,
    "fn": 8,
    "tn": 13,
    "accuracy": 0.625,
    "precision": 0.631578947368421,
    "recall": 0.6,
    "f1": 0.6153846153846154,
    "positive_rate": 0.475
  }
}