{
  "threshold": 0.2691611792908308,
  "val": {
    "tp": 6.0,
    "fp": 28.0,
    "fn": 0.0,
    "tn": 5.0,
    "precision": 0.17647058823529413,
    "recall": 1.0,
    "f1": 0.3,
    "accuracy": 0.28205128205128205
  },
  "test": {
    "tp": 20.0,
    "fp": 18.0,
    "fn": 0.0,
    "tn": 2.0,
    "precision": 0.5263157894736842,
    "recall": 1.0,
    "f1": 0.6896551724137931,
    "accuracy": 0.55
  }
}